<?xml version="1.0" encoding="UTF-8"?>
<!DOCTYPE html PUBLIC "-//W3C//DTD XHTML 1.0 Strict//EN" "http://www.w3.org/TR/xhtml1/DTD/xhtml1-strict.dtd">
<html xmlns="http://www.w3.org/1999/xhtml" xml:lang="en" lang="en">
<head profile="http://selenium-ide.openqa.org/profiles/test-case">
<meta http-equiv="Content-Type" content="text/html; charset=UTF-8" />
<link rel="selenium.base" href="https://www.brueggers.com" />
<title>New Test</title>
</head>
<body>
<table cellpadding="1" cellspacing="1" border="1">
<thead>
<tr><td rowspan="1" colspan="3">New Test</td></tr>
</thead><tbody>
<tr>
	<td>store</td>
	<td>/data/temp</td>
	<td>screenshots_folder</td>
</tr>
<tr>
	<td>open</td>
	<td>https://www.brueggers.com/locations/</td>
	<td></td>
</tr>
<tr>
	<td>store</td>
	<td>['West Chicago IL','Columbus OH','Lousville','Clinton IL','Mendota IL','Benton IL','Johnsburg IL','Mascoutah IL','Braidwood IL','Litchfield IL','Park City IL','East Alton IL','Metropolis IL','Geneseo IL','Mahomet IL','Robinson IL','Robbins IL','Du Quoin IL','Vandalia IL','North Riverside IL','Peoria Heights IL','Lake Bluff IL','Round Lake Park IL','Hillsboro IL','Bartonville IL','Wilmington IL','Pontoon Beach IL','Gilberts IL','Carlinville IL','Chillicothe IL','Willow Springs IL','Beardstown IL','Countryside IL','Stickney IL','Spring Grove IL','Lakemoor IL','Coal City IL','Pana IL','Hoopeston IL','Centreville IL','Savoy IL','Hampshire IL','Washington Park IL','South Beloit IL','Rockton IL','Watseka IL','Spring Valley IL','Carterville IL','Northfield IL','Highwood IL','Pinckneyville IL','Eureka IL','Monticello IL','Elburn IL','Colona IL','Creve Coeur IL','Carmi IL','Milan IL','Fox River Grove IL','Fairfield IL','Mount Zion IL','Staunton IL','Genoa IL','Anna IL','Monee IL','Lake Barrington IL','Marseilles IL','Berkeley IL','Posen IL','Palos Park IL','Stone Park IL','Flora IL','Olympia Fields IL','Shelbyville IL','Madison IL','Paxton IL','Tuscola IL','Freeburg IL','Lebanon IL','South Barrington IL','West Peoria IL','Pittsfield IL','Eldorado IL','Sullivan IL','Lawrenceville IL','Auburn IL','Breese IL','Barrington Hills IL','Sparta IL','Morrison IL','Indianapolis IN','Fort Wayne IN','Evansville IN','South Bend IN','Gary IN','Hammond IN','Bloomington IN','Fishers IN','Carmel IN','Muncie IN','Lafayette IN','Terre Haute IN','Anderson IN','Elkhart IN','Mishawaka IN','Greenwood IN','Kokomo IN','Lawrence IN','Noblesville IN','Columbus IN','New Albany IN','Portage IN','Richmond IN','Merrillville IN','Goshen IN','Michigan City IN','West Lafayette IN','Jeffersonville IN','Valparaiso IN','Marion IN','East Chicago IN','Schererville IN','Hobart IN','Plainfield IN','Crown Point IN','Franklin IN','Highland IN','Munster IN','Clarksville IN','La Porte IN','Westfield IN','Brownsburg IN','Seymour IN','Greenfield IN','Logansport IN','Shelbyville IN','New Castle IN','Vincennes IN','Huntington IN','Frankfort IN','Griffith IN','Dyer IN','Lebanon IN','Crawfordsville IN','Beech Grove IN','Jasper IN','Connersville IN','New Haven IN','Zionsville IN','Warsaw IN','Bedford IN','Lake Station IN','Auburn IN','St. John IN','Madison IN','Chesterton IN','Speedway IN','Peru IN','Avon IN','Martinsville IN','Mooresville IN','Washington IN','Plymouth IN','Cedar Lake IN','Wabash IN','Greensburg IN','Kendallville IN','Greencastle IN','Decatur IN','Bluffton IN','Elwood IN','Yorktown IN','Princeton IN','Lowell IN','Columbia City IN','Brazil IN','Danville IN','Angola IN','Tell City IN','Charlestown IN','Nappanee IN','Mount Vernon IN','Boonville IN','Salem IN','Rochester IN','Batesville IN','Sellersburg IN','Hartford City IN','North Vernon IN','Rensselaer IN','Portland IN','Huntingburg IN','Rushville IN','Ellettsville IN','Scottsburg IN','Alexandria IN','North Manchester IN','New Whiteland IN','Linton IN','Gas City IN','Garrett IN','Cumberland IN','Porter IN','Monticello IN','Westville IN','Tipton IN','Clinton IN','Lawrenceburg IN','Whiting IN','Edinburgh IN','Bremen IN','Austin IN','Winchester IN','Mitchell IN','Ligonier IN','Winfield IN','Sullivan IN','Whiteland IN','Cicero IN','Berne IN','Greendale IN','De Motte IN','Detroit MI','Grand Rapids MI','Warren MI','Sterling Heights MI','Ann Arbor MI','Lansing MI','Flint MI','Livonia MI','Dearborn MI','Troy MI','Westland MI','Farmington Hills MI','Southfield MI','Kalamazoo MI','Wyoming MI','Rochester Hills MI','Pontiac MI','Taylor MI','St. Clair Shores MI','Royal Oak MI','Saginaw MI','Novi MI','Battle Creek MI','Dearborn Heights MI','Kentwood MI','Roseville MI','Portage MI','East Lansing MI','Midland MI','Muskegon MI','Lincoln Park MI','Holland MI','Bay City MI','Jackson MI','Eastpointe MI','Port Huron MI','Oak Park MI','Burton MI','Madison Heights MI','Southgate MI','Garden City MI','Mount Pleasant MI','Inkster MI','Allen Park MI','Wyandotte MI','Walker MI','Norton Shores MI','Romulus MI','Ypsilanti MI','Adrian MI','Monroe MI','Ferndale MI','Auburn Hills MI','Marquette MI','Hamtramck MI','Birmingham MI','Trenton MI','Hazel Park MI','Wayne MI','Mount Clemens MI','Grandville MI','Grosse Pointe Woods MI','Owosso MI','Fraser MI','Berkley MI','Traverse City MI','Highland Park MI','Sault Ste. Marie MI','Wixom MI','Woodhaven MI','Ionia MI','Harper Woods MI','Escanaba MI','Clawson MI','Riverview MI','Fenton MI','Muskegon Heights MI','New Baltimore MI','Niles MI','Rochester MI','South Lyon MI','Grosse Pointe Park MI','Sturgis MI','Benton Harbor MI','Grand Haven MI','Coldwater MI','East Grand Rapids MI','Alpena MI','Big Rapids MI','Cadillac MI','Marysville MI','Beverly Hills MI','Ecorse MI','Farmington MI','Melvindale MI','Howell MI','Alma MI','Albion MI','Lapeer MI','Charlotte MI','Saline MI','Flat Rock MI','Grosse Pointe Farms MI','Tecumseh MI','Plymouth MI','St. Joseph MI','River Rouge MI','Ludington MI','Menominee MI','Greenville MI','Center Line MI','Mason MI','Flushing MI','Iron Mountain MI','Hillsdale MI','Grand Ledge MI','Grand Blanc MI','St. Johns MI','Brighton MI','Three Rivers MI','Marshall MI','Hudsonville MI','St. Louis MI','Houghton MI','Walled Lake MI','Hastings MI','Milford MI','Ishpeming MI','Holly MI','Manistee MI','Petoskey MI','Anchorage AK','Fairbanks AK','Juneau AK','Wasilla AK','Sitka and AK','Palmer AK','Kenai AK','Ketchikan AK','Bethel AK','Kodiak AK','Homer AK','Soldotna AK','Birmingham AL','Montgomery AL','Mobile AL','Huntsville AL','Tuscaloosa AL','Hoover AL','Dothan AL','Auburn AL','Decatur AL','Madison AL','Florence AL','Gadsden AL','Prattville AL','Phenix City AL','Vestavia Hills AL','Alabaster AL','Bessemer AL','Prichard AL','Opelika AL','Enterprise AL','Homewood AL','Athens AL','Anniston AL','Northport AL','Pelham AL','Mountain Brook AL','Oxford AL','Albertville AL','Daphne AL','Trussville AL','Selma AL','Fairhope AL','Talladega AL','Millbrook AL','Hueytown AL','Center Point AL','Cullman AL','Troy AL','Alexander City AL','Scottsboro AL','Ozark AL','Helena AL','Eufaula AL','Jasper AL','Fort Payne AL','Hartselle AL','Foley AL','Gardendale AL','Moody AL','Muscle Shoals AL','Saraland AL','Sylacauga AL','Pell City AL','Tuskegee AL','Fairfield AL','Leeds AL','Calera AL','Pleasant Grove AL','Gulf Shores AL','Jacksonville AL','Valley AL','Irondale AL','Rainbow City AL','Sheffield AL','Andalusia AL','Russellville AL','Clanton AL','Guntersville AL','Southside AL','Boaz AL','Clay AL','Tuscumbia AL','Bay Minette AL','Arab AL','Wetumpka AL','Atmore AL','Demopolis AL','Lanett AL','Oneonta AL','Greenville AL','Fultondale AL','Pinson AL','Roanoke AL','Opp AL','Attalla AL','Tarrant AL','Hamilton AL','Monroeville AL','Orange Beach AL','Montevallo AL','Satsuma AL','Chickasaw AL','Lincoln AL','Spanish Fort AL','Glencoe AL','Brewton AL','Midfield AL','Tallassee AL','Jackson AL','Childersburg AL','Rainsville AL','Piedmont AL','Robertsdale AL','Fayette AL','Adamsville AL','Union Springs AL','Smiths Station AL','Winfield AL','Daleville AL','Thomasville AL','Hokes Bluff AL','Geneva AL','Chelsea AL','Little Rock AR','Fort Smith AR','Fayetteville AR','Springdale AR','Jonesboro AR','North Little Rock AR','Conway AR','Rogers AR','Pine Bluff AR','Hot Springs AR','Bentonville AR','Jacksonville AR','Texarkana AR','Benton AR','Russellville AR','West Memphis AR','Paragould AR','Sherwood AR','Cabot AR','Van Buren AR','Searcy AR','El Dorado AR','Bella Vista AR','Maumelle AR','Blytheville AR','Bryant AR','Siloam Springs AR','Forrest City AR','Harrison AR','Mountain Home AR','Marion AR','Helena-West Helena AR','Camden AR','Arkadelphia AR','Magnolia AR','Hope AR','Batesville AR','Monticello AR','Stuttgart AR','Malvern AR','Greenwood AR','Centerton AR','Clarksville AR','Wynne AR','Osceola AR','Newport AR','Heber Springs AR','Lowell AR','Beebe AR','Trumann AR','Pocahontas AR','Morrilton AR','Warren AR','De Queen AR','Mena AR','Crossett AR','Berryville AR','White Hall AR','Alma AR','Nashville AR','Cherokee Village AR','Farmington AR','Walnut Ridge AR','Dumas AR','Pea Ridge AR','Lonoke AR','Sheridan AR','Barling AR','Greenbrier AR','Ashdown AR','Dardanelle AR','Marianna AR','Prescott AR','Phoenix AZ','Tucson AZ','Mesa AZ','Glendale AZ','Chandler AZ','Scottsdale AZ','Gilbert AZ','Tempe AZ','Peoria AZ','Surprise AZ','Yuma AZ','Avondale AZ','Flagstaff AZ','Goodyear AZ','Lake Havasu City AZ','Buckeye AZ','Maricopa AZ','Oro Valley AZ','Sierra Vista AZ','Prescott AZ','Casa Grande AZ','Bullhead City AZ','Prescott Valley AZ','Marana AZ','Apache Junction AZ','Kingman AZ','Fountain Hills AZ','San Luis AZ','El Mirage AZ','Queen Creek AZ','Sahuarita AZ','Florence AZ','Nogales AZ','Douglas AZ','Payson AZ','Paradise Valley AZ','Eloy AZ','Somerton AZ','Show Low AZ','Sedona AZ','Cottonwood AZ','Chino Valley AZ','Camp Verde AZ','Coolidge AZ','Winslow AZ','Safford AZ','Tolleson AZ','Globe AZ','Page AZ','Wickenburg AZ','South Tucson AZ','Bisbee AZ','Guadalupe AZ','Snowflake AZ','Cave Creek AZ','Litchfield Park AZ','Holbrook AZ','Thatcher AZ','Youngtown AZ','Benson AZ','Colorado City AZ','Pinetop-Lakeside AZ','Eagar AZ','Los Angeles CA','San Diego CA','San Jose CA','San Francisco CA','Fresno CA','Sacramento CA','Long Beach CA','Oakland CA','Santa Ana CA','Anaheim CA','Bakersfield CA','Riverside CA','Stockton CA','Chula Vista CA','Irvine CA','Modesto CA','Fremont CA','San Bernardino CA','Glendale CA','Huntington Beach CA','Moreno Valley CA','Oxnard CA','Fontana CA','Ontario CA','Rancho Cucamonga CA','Oceanside CA','Santa Clarita CA','Garden Grove CA','Santa Rosa CA','Pomona CA','Corona CA','Lancaster CA','Salinas CA','Palmdale CA','Pasadena CA','Hayward CA','Torrance CA','Escondido CA','Orange CA','Elk Grove CA','Sunnyvale CA','Fullerton CA','Thousand Oaks CA','El Monte CA','Concord CA','Visalia CA','Simi Valley CA','Vallejo CA','Inglewood CA','Roseville CA','Victorville CA','Santa Clara CA','Costa Mesa CA','Downey CA','West Covina CA','Ventura CA','Fairfield CA','Norwalk CA','Burbank CA','Richmond CA','Daly City CA','Berkeley CA','Antioch CA','Rialto CA','Murrieta CA','Temecula CA','South Gate CA','Carlsbad CA','Mission Viejo CA','Compton CA','El Cajon CA','Carson CA','Clovis CA','San Mateo CA','Vacaville CA','Vista CA','Redding CA','Westminster CA','Santa Monica CA','Santa Maria CA','Santa Barbara CA','Alhambra CA','Hesperia CA','Indio CA','Citrus Heights CA','Hawthorne CA','Chico CA','Chino CA','Whittier CA','Livermore CA','Newport Beach CA','Buena Park CA','Tracy CA','San Marcos CA','Lakewood CA','San Leandro CA','Baldwin Park CA','Merced CA','Lake Forest CA','Napa CA','Redwood City CA','Chino Hills CA','Bellflower CA','Union City CA','Upland CA','Tustin CA','Mountain View CA','Hemet CA','Alameda CA','Apple Valley CA','Lynwood CA','Redlands CA','Turlock CA','Folsom CA','Milpitas CA','Redondo Beach CA','Pleasanton CA','Yorba Linda CA','Manteca CA','Laguna Niguel CA','Pittsburg CA','Walnut Creek CA','Camarillo CA','Pico Rivera CA','Davis CA','South San Francisco CA','Rancho Cordova CA','Montebello CA','San Clemente CA','Lodi CA','Monterey Park CA','Yuba City CA','Huntington Park CA','Encinitas CA','Palo Alto CA','La Habra CA','National City CA','Gardena CA','Diamond Bar CA','Madera CA','Tulare CA','Arcadia CA','Santa Cruz CA','Perris CA','San Rafael CA','Fountain Valley CA','Paramount CA','La Mesa CA','Petaluma CA','Woodland CA','Rosemead CA','Santee CA','Cupertino CA','Delano CA','Rocklin CA','Novato CA','Cathedral City CA','Porterville CA','Cerritos CA','Highland CA','Lake Elsinore CA','Palm Desert CA','Colton CA','Watsonville CA','Hanford CA','Gilroy CA','La Mirada CA','Yucaipa CA','Placentia CA','Rancho Santa Margarita CA','Brentwood CA','Glendora CA','San Ramon CA','Poway CA','Palm Springs CA','West Sacramento CA','Cypress CA','Covina CA','Azusa CA','Bell Gardens CA','Dublin CA','La Quinta CA','San Luis Obispo CA','Lincoln CA','Ceres CA','Newark CA','Aliso Viejo CA','Danville CA','Rancho Palos Verdes CA','Lompoc CA','La Puente CA','Rohnert Park CA','San Gabriel CA','San Bruno CA','El Centro CA','Coachella CA','Campbell CA','Culver City CA','Calexico CA','Temple City CA','Brea CA','Morgan Hill CA','San Jacinto CA','Pacifica CA','Monrovia CA','Stanton CA','Bell CA','Manhattan Beach CA','Montclair CA','Moorpark CA','West Hollywood CA','Dana Point CA','Claremont CA','Martinez CA','San Dimas CA','Los Banos CA','Hollister CA','San Juan Capistrano CA','Beverly Hills CA','Seaside CA','La Verne CA','East Palo Alto CA','Twentynine Palms CA','Pleasant Hill CA','Beaumont CA','Oakley CA','Laguna Hills CA','Lawndale CA','Walnut CA','San Pablo CA','Saratoga CA','Menlo Park CA','Goleta CA','Los Gatos CA','Foster City CA','Banning CA','Paso Robles CA','Santa Paula CA','Adelanto CA','Atascadero CA','Los Altos CA','Maywood CA','Soledad CA','Monterey CA','Burlingame CA','San Carlos CA','Suisun City CA','Norco CA','Atwater CA','Imperial Beach CA','Paradise CA','Benicia CA','Ridgecrest CA','Sanger CA','Windsor CA','Eureka CA','Corcoran CA','Lafayette CA','Belmont CA','Wasco CA','Barstow CA','Desert Hot Springs CA','Hercules CA','South Pasadena CA','Cudahy CA','Seal Beach CA','Lemon Grove CA','Galt CA','Laguna Beach CA','Lemoore CA','San Fernando CA','Reedley CA','South Lake Tahoe CA','Selma CA','Brawley CA','Coronado CA','Agoura Hills CA','El Cerrito CA','Calabasas CA','Duarte CA','Blythe CA','Loma Linda CA','Port Hueneme CA','South El Monte CA','Millbrae CA','La Cañada Flintridge CA','Riverbank CA','Yucca Valley CA','Dinuba CA','Oakdale CA','Lomita CA','Hermosa Beach CA','Chowchilla CA','Patterson CA','Coalinga CA','Pinole CA','Orinda CA','Laguna Woods CA','Marina CA','Dixon CA','Susanville CA','Lathrop CA','Arroyo Grande CA','Santa Fe Springs CA','Avenal CA','Moraga CA','Arcata CA','Rancho Mirage CA','American Canyon CA','Artesia CA','El Segundo CA','Truckee CA','Albany CA','Shafter CA','La Palma CA','Hawaiian Gardens CA','Greenfield CA','Arvin CA','Fillmore CA','Clearlake CA','Ukiah CA','Oroville CA','Pacific Grove CA','California City CA','Ripon CA','Red Bluff CA','Carpinteria CA','Imperial CA','Palos Verdes Estates CA','Commerce CA','Livingston CA','Parlier CA','Mill Valley CA','Auburn CA','Grover Beach CA','Malibu CA','Solana Beach CA','San Marino CA','Kerman CA','Half Moon Bay CA','Grass Valley CA','Grand Terrace CA','McFarland CA','San Anselmo CA','Tehachapi CA','Marysville CA','Larkspur CA','Los Alamitos CA','King City CA','Fortuna CA','Clayton CA','Canyon Lake CA','Scotts Valley CA','Kingsburg CA','Healdsburg CA','Signal Hill CA','Hillsborough CA','Sierra Madre CA','Orange Cove CA','Lindsay CA','Anderson CA','Piedmont CA','Mendota CA','Morro Bay CA','Newman CA','Shasta Lake CA','Farmersville CA','Placerville CA','Exeter CA','Sonoma CA','Capitola CA','Emeryville CA','Corte Madera CA','Taft CA','Waterford CA','Tiburon CA','Los Altos Hills CA','Pismo Beach CA','Gonzales CA','Westlake Village CA','Live Oak CA','Cloverdale CA','Rolling Hills Estates CA','Crescent City CA','Rio Vista CA','Ojai CA','Huron CA','Calipatria CA','Sebastopol CA','Ione CA','Calimesa CA','Woodlake CA','Atherton CA','Mammoth Lakes CA','Yreka CA','Escalon CA','Corning CA','Orland CA','Cotati CA','Sausalito CA','Fairfax CA','Winters CA','Firebaugh CA','Loomis CA','Fort Bragg CA','Guadalupe CA','Gridley CA','Hughson CA','Willows CA','Big Bear Lake CA','Villa Park CA','La Habra Heights CA','Colusa CA','St. Helena CA','Woodside CA','Fowler CA','Holtville CA','Needles CA','Calistoga CA','Indian Wells CA','Solvang CA','Lakeport CA','Gustine CA','Willits CA','Dos Palos CA','Williams CA','Sonora CA','Portola Valley CA','Del Mar CA','Jackson CA','Bridgeport CT','Hartford CT','New Haven CT','Stamford CT','Waterbury CT','Norwalk CT','Danbury CT','New Britain CT','Bristol CT','Meriden CT','Milford CT','West Haven CT','Middletown CT','Shelton CT','Norwich CT','Torrington CT','Naugatuck CT','New London CT','Ansonia CT','Derby CT','Groton CT','Danielson CT','Washington DC','Wilmington DE','Dover DE','Newark DE','Middletown DE','Smyrna DE','Milford DE','Seaford DE','Elsmere DE','Georgetown DE','New Castle DE','Jacksonville FL','Miami FL','Tampa FL','St. Petersburg FL','Orlando FL','Hialeah FL','Fort Lauderdale FL','Tallahassee FL','Cape Coral FL','Port St. Lucie FL','Pembroke Pines FL','Hollywood FL','Coral Springs FL','Gainesville FL','Miami Gardens FL','Miramar FL','Clearwater FL','Pompano Beach FL','Palm Bay FL','West Palm Beach FL','Lakeland FL','Davie FL','Sunrise FL','Boca Raton FL','Miami Beach FL','Deltona FL','Plantation FL','Melbourne FL','Deerfield Beach FL','Largo FL','Palm Coast FL','Boynton Beach FL','Lauderhill FL','Fort Myers FL','Daytona Beach FL','Delray Beach FL','Weston FL','Kissimmee FL','Tamarac FL','Homestead FL','North Miami FL','North Port FL','Ocala FL','Port Orange FL','Wellington FL','Margate FL','Pensacola FL','Bradenton FL','Sarasota FL','Sanford FL','Coconut Creek FL','Palm Beach Gardens FL','Jupiter FL','Pinellas Park FL','Titusville FL','Coral Gables FL','Bonita Springs FL','Oakland Park FL','North Lauderdale FL','Fort Pierce FL','Altamonte Springs FL','Hallandale Beach FL','North Miami Beach FL','Ormond Beach FL','Apopka FL','Panama City FL','Riviera Beach FL','Dunedin FL','Lake Worth FL','Winter Haven FL','Plant City FL','Winter Springs FL','Oviedo FL','Ocoee FL','Greenacres FL','Lauderdale Lakes FL','Royal Palm Beach FL','Cooper City FL','Winter Garden FL','Aventura FL','Cutler Bay FL','St. Cloud FL','Dania Beach FL','Winter Park FL','De Land FL','Casselberry FL','Rockledge FL','Parkland FL','Doral FL','Tarpon Springs FL','New Smyrna Beach FL','Palmetto Bay FL','Temple Terrace FL','Key West FL','Leesburg FL','Miami Lakes FL','Jacksonville Beach FL','Naples FL','Edgewater FL','Venice FL','Sebastian FL','Hialeah Gardens FL','Crestview FL','Eustis FL','Haines City FL','Seminole FL','Fort Walton Beach FL','Pinecrest FL','New Port Richey FL','Safety Harbor FL','Vero Beach FL','Bartow FL','Belle Glade FL','Cocoa FL','Palm Springs FL','Punta Gorda FL','Sunny Isles Beach FL','DeBary FL','Stuart FL','Marco Island FL','West Melbourne FL','Opa-locka FL','Lynn Haven FL','Lake Mary FL','Lady Lake FL','Maitland FL','Panama City Beach FL','Lake Wales FL','West Park FL','Auburndale FL','Palmetto FL','Callaway FL','Tavares FL','South Daytona FL','Longwood FL','Oldsmar FL','Holly Hill FL','Zephyrhills FL','Atlantic Beach FL','Clermont FL','Sweetwater FL','Mount Dora FL','Wilton Manors FL','Destin FL','Miami Springs FL','Lake City FL','St. Augustine FL','Gulfport FL','Niceville FL','North Palm Beach FL','Cocoa Beach FL','Satellite Beach FL','Fernandina Beach FL','Lighthouse Point FL','Palatka FL','Sebring FL','South Miami FL','Cape Canaveral FL','Lantana FL','Florida City FL','St. Pete Beach FL','Orange City FL','Key Biscayne FL','Miami Shores FL','Palm Beach FL','Marathon FL','Alachua FL','Orange Park FL','Avon Park FL','Minneola FL','Springfield FL','Lake Park FL','Milton FL','Indian Harbour Beach FL','Brooksville FL','North Bay Village FL','Groveland FL','Treasure Island FL','Longboat Key FL','Inverness FL','Southwest Ranches FL','Dade City FL','Live Oak FL','Clewiston FL','Quincy FL','Perry FL','Neptune Beach FL','Arcadia FL','Pahokee FL','Gulf Breeze FL','Green Cove Springs FL','Belle Isle FL','Fort Myers Beach FL','Islamorada, Village of Islands FL','Marianna FL','St. Augustine Beach FL','Macclenny FL','Valparaiso FL','Okeechobee FL','Starke FL','Flagler Beach FL','Lauderdale-by-the-Sea FL','Fort Meade FL','Tequesta FL','Sanibel FL','Mascotte FL','South Pasadena FL','West Miami FL','Indian Rocks Beach FL','Daytona Beach Shores FL','Cedar Grove FL','Holmes Beach FL','De Funiak Springs FL','Bay Harbor Islands FL','Fellsmere FL','LaBelle FL','Pembroke Park FL','High Springs FL','Parker FL','Surfside FL','Wauchula FL','Lake Alfred FL','South Bay FL','Belleview FL','Madeira Beach FL','Kenneth City FL','Atlanta GA','Augusta GA','Columbus GA','Savannah GA','Athens GA','Macon GA','Roswell GA','Sandy Springs GA','Albany GA','Marietta GA','Warner Robins GA','Johns Creek GA','Alpharetta GA','Smyrna GA','Valdosta GA','East Point GA','Rome GA','Gainesville GA','Peachtree City GA','Dalton GA','Kennesaw GA','Douglasville GA','Newnan GA','Hinesville GA','Lawrenceville GA','LaGrange GA','Statesboro GA','Duluth GA','Griffin GA','Carrollton GA','Woodstock GA','Canton GA','Forest Park GA','Milledgeville GA','Snellville GA','College Park GA','McDonough GA','Acworth GA','Thomasville GA','Cartersville GA','Decatur GA','Dublin GA','Tifton GA','Sugar Hill GA','Union City GA','St. Marys GA','Americus GA','Suwanee GA','Brunswick GA','Powder Springs GA','Moultrie GA','Riverdale GA','Milton GA','Fayetteville GA','Covington GA','Pooler GA','Calhoun GA','Waycross GA','Stockbridge GA','Winder GA','Cusseta GA','Kingsland GA','Conyers GA','Monroe GA','Perry GA','Villa Rica GA','Bainbridge GA','Buford GA','Lilburn GA','Cordele GA','Douglas GA','Vidalia GA','Chamblee GA','Fairburn GA','Norcross GA','Dallas GA','Richmond Hill GA','Loganville GA','Jesup GA','Doraville GA','Cedartown GA','Cairo GA','Fort Oglethorpe GA','Garden City GA','Grovetown GA','Thomaston GA','Fitzgerald GA','Toccoa GA','Holly Springs GA','Fort Valley GA','Jefferson GA','Rincon GA','Clarkston GA','Swainsboro GA','Stone Mountain GA','LaFayette GA','Auburn GA','Centerville GA','Austell GA','Thomson GA','Tyrone GA','Commerce GA','Eatonton GA','Sandersville GA','Barnesville GA','Hapeville GA','Waynesboro GA','Sylvester GA','Cumming GA','Bremen GA','Eastman GA','Camilla GA','Braselton GA','Morrow GA','Glennville GA','Adel GA','Hampton GA','Blakely GA','Cochran GA','Palmetto GA','Forsyth GA','Summerville GA','Dahlonega GA','Nashville GA','Locust Grove GA','Social Circle GA','Dacula GA','Quitman GA','Dawson GA','Port Wentworth GA','Baxley GA','Elberton GA','Rockmart GA','Hephzibah GA','Lyons GA','Jackson GA','Temple GA','Oakwood GA','McRae GA','Metter GA','Byron GA','Hartwell GA','Honolulu HI','Des Moines IA','Cedar Rapids IA','Davenport IA','Sioux City IA','Iowa City IA','Waterloo IA','Council Bluffs IA','Dubuque IA','Ames IA','West Des Moines IA','Ankeny IA','Urbandale IA','Cedar Falls IA','Marion IA','Bettendorf IA','Mason City IA','Clinton IA','Marshalltown IA','Burlington IA','Fort Dodge IA','Ottumwa IA','Muscatine IA','Coralville IA','Johnston IA','Clive IA','Newton IA','Indianola IA','Altoona IA','Boone IA','Waukee IA','North Liberty IA','Oskaloosa IA','Spencer IA','Fort Madison IA','Keokuk IA','Pella IA','Carroll IA','Storm Lake IA','Perry IA','Waverly IA','Fairfield IA','Grinnell IA','Le Mars IA','Norwalk IA','Mount Pleasant IA','Grimes IA','Pleasant Hill IA','Decorah IA','Clear Lake IA','Webster City IA','Creston IA','Charles City IA','Knoxville IA','Washington IA','Denison IA','Atlantic IA','Hiawatha IA','Nevada IA','Sioux Center IA','Estherville IA','Independence IA','Oelwein IA','Maquoketa IA','Orange City IA','Anamosa IA','Red Oak IA','Glenwood IA','Clarinda IA','Centerville IA','Algona IA','De Witt IA','Vinton IA','Evansdale IA','Harlan IA','Iowa Falls IA','Shenandoah IA','Eldridge IA','Manchester IA','Winterset IA','Sheldon IA','Osceola IA','Cherokee IA','Spirit Lake IA','Windsor Heights IA','Adel IA','Chariton IA','Boise City ID','Nampa ID','Meridian ID','Pocatello ID','Idaho Falls ID','Coeur d Alene ID','Caldwell ID','Twin Falls ID','Lewiston ID','Rexburg ID','Post Falls ID','Moscow ID','Eagle ID','Ammon ID','Kuna ID','Hayden ID','Mountain Home ID','Chubbuck ID','Garden City ID','Blackfoot ID','Jerome ID','Burley ID','Sandpoint ID','Hailey ID','Payette ID','Rathdrum ID','Emmett ID','Middleton ID','Weiser ID','Rupert ID','Star ID','Preston ID','Fruitland ID','Wichita KS','Overland Park KS','Kansas City KS','Topeka KS','Olathe KS','Lawrence KS','Shawnee KS','Manhattan KS','Lenexa KS','Salina KS','Hutchinson KS','Leavenworth KS','Leawood KS','Garden City KS','Emporia KS','Dodge City KS','Derby KS','Prairie Village KS','Junction City KS','Hays KS','Liberal KS','Pittsburg KS','Newton KS','Gardner KS','Great Bend KS','McPherson KS','Ottawa KS','El Dorado KS','Winfield KS','Arkansas City KS','Parsons KS','Merriam KS','Lansing KS','Atchison KS','Haysville KS','Andover KS','Coffeyville KS','Mission KS','Independence KS','Chanute KS','Augusta KS','Fort Scott KS','Park City KS','Wellington KS','Bonner Springs KS','Roeland Park KS','Bel Aire KS','Valley Center KS','Abilene KS','Pratt KS','Eudora KS','Mulvane KS','Iola KS','Ulysses KS','De Soto KS','Paola KS','Spring Hill KS','Concordia KS','Colby KS','Osawatomie KS','Edwardsville KS','Clay Center KS','Goodland KS','Wamego KS','Baldwin City KS','Tonganoxie KS','Louisville KY','Lexington KY','Owensboro KY','Bowling Green KY','Covington KY','Richmond KY','Hopkinsville KY','Henderson KY','Florence KY','Frankfort KY','Nicholasville KY','Jeffersontown KY','Paducah KY','Elizabethtown KY','Radcliff KY','Independence KY','Georgetown KY','Ashland KY','Madisonville KY','St. Matthews KY','Erlanger KY','Shively KY','Winchester KY','Murray KY','Newport KY','Danville KY','Fort Thomas KY','Berea KY','Glasgow KY','Somerset KY','Mount Washington KY','Shelbyville KY','Bardstown KY','Lyndon KY','Campbellsville KY','Mayfield KY','Lawrenceburg KY','Middlesborough KY','Paris KY','Maysville KY','Oak Grove KY','Shepherdsville KY','Edgewood KY','Alexandria KY','Corbin KY','Harrodsburg KY','Franklin KY','London KY','Elsmere KY','Versailles KY','Villa Hills KY','Morehead KY','Flatwoods KY','Hillview KY','Fort Mitchell KY','Russellville KY','Middletown KY','Mount Sterling KY','Taylor Mill KY','Leitchfield KY','Pikeville KY','Princeton KY','La Grange KY','Cynthiana KY','Monticello KY','Wilmore KY','Douglass Hills KY','Lebanon KY','Bellevue KY','Cold Spring KY','Prospect KY','Highland Heights KY','Central City KY','Dayton KY','Fort Wright KY','Williamsburg KY','Ludlow KY','Hazard KY','Scottsville KY','Hurstbourne KY','Lancaster KY','Benton KY','Vine Grove KY','New Orleans LA','Baton Rouge LA','Shreveport LA','Lafayette LA','Lake Charles LA','Kenner LA','Bossier City LA','Monroe LA','Alexandria LA','New Iberia LA','Houma LA','Slidell LA','Opelousas LA','Ruston LA','Hammond LA','Sulphur LA','Natchitoches LA','Gretna LA','Pineville LA','Zachary LA','Thibodaux LA','Crowley LA','Baker LA','Minden LA','West Monroe LA','Bogalusa LA','Mandeville LA','Abbeville LA','Bastrop LA','Morgan City LA','Eunice LA','Jennings LA','Denham Springs LA','Westwego LA','DeRidder LA','Gonzales LA','Harahan LA','Covington LA','Scott LA','Rayne LA','Ville Platte LA','Oakdale LA','Breaux Bridge LA','Broussard LA','Franklin LA','Tallulah LA','Donaldsonville LA','St. Martinville LA','Youngsville LA','Plaquemine LA','Carencro LA','Ponchatoula LA','Walker LA','Jeanerette LA','Leesville LA','Marksville LA','St. Gabriel LA','Mansfield LA','Patterson LA','Springhill LA','Winnfield LA','Kaplan LA','Port Allen LA','Winnsboro LA','New Roads LA','Church Point LA','Westlake LA','Grambling LA','Bunkie LA','Amite City LA','Boston MA','Worcester MA','Springfield MA','Cambridge MA','Lowell MA','Brockton MA','Quincy MA','New Bedford MA','Fall River MA','Lynn MA','Newton MA','Somerville MA','Lawrence MA','Haverhill MA','Waltham MA','Revere MA','Taunton MA','Malden MA','Medford MA','Chicopee MA','Peabody MA','Barnstable Town MA','Methuen MA','Attleboro MA','Pittsfield MA','Chelsea MA','Salem MA','Leominster MA','Westfield MA','Fitchburg MA','Holyoke MA','Beverly MA','Marlborough MA','Everett MA','Woburn MA','Watertown MA','Franklin MA','Gloucester MA','Northampton MA','Agawam MA','West Springfield MA','Melrose MA','Gardner MA','Newburyport MA','Easthampton MA','North Adams MA','Baltimore MD','Rockville MD','Frederick MD','Gaithersburg MD','Bowie MD','Hagerstown MD','Annapolis MD','Salisbury MD','College Park MD','Laurel MD','Greenbelt MD','Cumberland MD','Takoma Park MD','Westminster MD','Hyattsville MD','Elkton MD','Easton MD','Aberdeen MD','Havre de Grace MD','New Carrollton MD','Cambridge MD','Bel Air MD','La Plata MD','Mount Airy MD','Mount Rainier MD','Frostburg MD','Bladensburg MD','Ocean City MD','Riverdale Park MD','Cheverly MD','Glenarden MD','Thurmont MD','District Heights MD','Poolesville MD','Walkersville MD','Hampstead MD','Taneytown MD','Brunswick MD','Chestertown MD','Seat Pleasant MD','Fruitland MD','Sykesville MD','Portland ME','Lewiston ME','Bangor ME','South Portland ME','Auburn ME','Biddeford ME','Augusta ME','Saco ME','Westbrook ME','Waterville ME','Presque Isle ME','Brewer ME','Bath ME','Caribou ME','Old Town ME','Rockland ME','Ellsworth ME','Belfast ME','Gardiner ME','Minneapolis MN','St. Paul MN','Rochester MN','Duluth MN','Bloomington MN','Plymouth MN','Brooklyn Park MN','St. Cloud MN','Eagan MN','Coon Rapids MN','Maple Grove MN','Eden Prairie MN','Burnsville MN','Woodbury MN','Blaine MN','Lakeville MN','Minnetonka MN','Apple Valley MN','Edina MN','St. Louis Park MN','Mankato MN','Maplewood MN','Moorhead MN','Cottage Grove MN','Shakopee MN','Inver Grove Heights MN','Roseville MN','Richfield MN','Andover MN','Savage MN','Brooklyn Center MN','Oakdale MN','Winona MN','Fridley MN','Shoreview MN','Owatonna MN','Chaska MN','White Bear Lake MN','Prior Lake MN','Ramsey MN','Champlin MN','Chanhassen MN','Elk River MN','Austin MN','Hastings MN','Faribault MN','Crystal MN','New Brighton MN','Rosemount MN','New Hope MN','Golden Valley MN','Lino Lakes MN','Northfield MN','South St. Paul MN','Farmington MN','West St. Paul MN','Columbia Heights MN','Stillwater MN','Willmar MN','Albert Lea MN','Forest Lake MN','Anoka MN','Hopkins MN','Hibbing MN','Red Wing MN','St. Michael MN','Ham Lake MN','Buffalo MN','Sartell MN','Hutchinson MN','Otsego MN','Brainerd MN','Fergus Falls MN','Bemidji MN','Robbinsdale MN','Hugo MN','New Ulm MN','Marshall MN','North Mankato MN','Vadnais Heights MN','Sauk Rapids MN','Mounds View MN','East Bethel MN','Monticello MN','Mendota Heights MN','Cloquet MN','North St. Paul MN','Alexandria MN','Worthington MN','St. Peter MN','North Branch MN','Fairmont MN','Waconia MN','Big Lake MN','Arden Hills MN','Little Canada MN','Mound MN','Waseca MN','Hermantown MN','Grand Rapids MN','Virginia MN','Thief River Falls MN','St. Anthony MN','Baxter MN','Oak Grove MN','Detroit Lakes MN','Little Falls MN','Mahtomedi MN','East Grand Forks MN','Crookston MN','Orono MN','Cambridge MN','Rogers MN','Lake Elmo MN','Shorewood MN','St. Francis MN','Waite Park MN','New Prague MN','Belle Plaine MN','Victoria MN','Litchfield MN','Spring Lake Park MN','Albertville MN','Isanti MN','St. Joseph MN','Minnetrista MN','International Falls MN','Falcon Heights MN','Corcoran MN','Kasson MN','Stewartville MN','Glencoe MN','Jordan MN','Circle Pines MN','Zimmerman MN','Delano MN','Lake City MN','St. Paul Park MN','Montevideo MN','Redwood Falls MN','Medina MN','Morris MN','La Crescent MN','Princeton MN','North Oaks MN','Oak Park Heights MN','Dayton MN','Chisholm MN','Byron MN','Luverne MN','Kansas City MO','St. Louis MO','Springfield MO','Independence MO','Columbia MO','Lee s Summit MO','O Fallon MO','St. Joseph MO','St. Charles MO','Blue Springs MO','St. Peters MO','Florissant MO','Joplin MO','Chesterfield MO','Jefferson City MO','Cape Girardeau MO','University City MO','Wildwood MO','Liberty MO','Ballwin MO','Gladstone MO','Raytown MO','Kirkwood MO','Maryland Heights MO','Hazelwood MO','Belton MO','Grandview MO','Wentzville MO','Webster Groves MO','Sedalia MO','Ferguson MO','Arnold MO','Warrensburg MO','Nixa MO','Manchester MO','Rolla MO','Ozark MO','Raymore MO','Hannibal MO','Kirksville MO','Poplar Bluff MO','Sikeston MO','Creve Coeur MO','Farmington MO','Clayton MO','Overland MO','Bridgeton MO','Jennings MO','Washington MO','Lebanon MO','Moberly MO','Lake St. Louis MO','Carthage MO','Jackson MO','Republic MO','St. Ann MO','Fulton MO','Troy MO','Marshall MO','West Plains MO','Excelsior Springs MO','Webb City MO','Crestwood MO','Neosho MO','Festus MO','Mexico MO','Bolivar MO','Maryville MO','Town and Country MO','Kennett MO','Grain Valley MO','Bellefontaine Neighbors MO','Harrisonville MO','Union MO','Berkeley MO','Clinton MO','Eureka MO','Cameron MO','Ellisville MO','Richmond Heights MO','Monett MO','Park Hills MO','Boonville MO','Chillicothe MO','Maplewood MO','Des Peres MO','Kearney MO','Nevada MO','Dardenne Prairie MO','Ladue MO','Sunset Hills MO','Perryville MO','Smithville MO','Dexter MO','Branson MO','Aurora MO','Olivette MO','Warrenton MO','Carl Junction MO','Marshfield MO','Pacific MO','Brentwood MO','Pleasant Hill MO','Bonne Terre MO','Oak Grove MO','Black Jack MO','Sullivan MO','De Soto MO','St. John MO','Valley Park MO','Shrewsbury MO','Caruthersville MO','Trenton MO','Richmond MO','Pevely MO','North Kansas City MO','Glendale MO','Macon MO','Weldon Spring MO','Bowling Green MO','Parkville MO','Desloge MO','Charleston MO','Savannah MO','Eldon MO','Normandy MO','Dellwood MO','Salem MO','Platte City MO','Odessa MO','Osage Beach MO','Mountain Grove MO','Greenwood MO','Peculiar MO','Mount Vernon MO','Rock Hill MO','Higginsville MO','Lexington MO','Crystal City MO','Scott City MO','Malden MO','Breckenridge Hills MO','Lamar MO','St. Clair MO','Ste. Genevieve MO','Vandalia MO','Brookfield MO','Northwoods MO','Butler MO','Billings MT','Missoula MT','Great Falls MT','Bozeman MT','Butte-Silver Bow MT','Helena MT','Kalispell MT','Havre MT','Anaconda MT','Whitefish MT','Belgrade MT','Miles City MT','Livingston MT','Laurel MT','Lewistown MT','Columbia Falls MT','Polson MT','Hamilton MT','Sidney MT','Glendive MT','Charlotte NC','Raleigh NC','Greensboro NC','Durham NC','Winston-Salem NC','Fayetteville NC','Cary NC','High Point NC','Wilmington NC','Greenville NC','Jacksonville NC','Asheville NC','Gastonia NC','Concord NC','Rocky Mount NC','Chapel Hill NC','Burlington NC','Wilson NC','Huntersville NC','Kannapolis NC','Hickory NC','Goldsboro NC','Apex NC','Monroe NC','Sanford NC','Salisbury NC','New Bern NC','Garner NC','Wake Forest NC','Matthews NC','Thomasville NC','Statesville NC','Asheboro NC','Cornelius NC','Kernersville NC','Kinston NC','Lumberton NC','Mooresville NC','Havelock NC','Shelby NC','Holly Springs NC','Lexington NC','Mint Hill NC','Elizabeth City NC','Indian Trail NC','Carrboro NC','Lenoir NC','Clemmons NC','Morganton NC','Fuquay-Varina NC','Roanoke Rapids NC','Henderson NC','Clayton NC','Laurinburg NC','Albemarle NC','Eden NC','Reidsville NC','Graham NC','Boone NC','Morrisville NC','Newton NC','Hope Mills NC','Smithfield NC','Lewisville NC','Southern Pines NC','Pinehurst NC','Hendersonville NC','Kings Mountain NC','Lincolnton NC','Mebane NC','Davidson NC','Tarboro NC','Washington NC','Mount Holly NC','Dunn NC','Weddington NC','Waynesville NC','Morehead City NC','Mount Airy NC','Belmont NC','Archdale NC','Stallings NC','Rockingham NC','Clinton NC','Roxboro NC','Oxford NC','Siler City NC','Oak Island NC','Knightdale NC','Spring Lake NC','Unionville NC','Black Mountain NC','Summerfield NC','Conover NC','Forest City NC','Elon NC','Trinity NC','Selma NC','King NC','Pineville NC','Brevard NC','Kill Devil Hills NC','Mills River NC','Butner NC','Carolina Beach NC','Harrisburg NC','Hamlet NC','Woodfin NC','Hillsborough NC','Aberdeen NC','Cherryville NC','Fairview NC','Bessemer City NC','Williamston NC','Wendell NC','Whiteville NC','Pleasant Garden NC','Marion NC','Leland NC','Wadesboro NC','Ayden NC','Edenton NC','Long View NC','Sawmills NC','Erwin NC','Winterville NC','Gibsonville NC','Zebulon NC','Fletcher NC','Boiling Spring Lakes NC','Mocksville NC','Farmville NC','Granite Falls NC','Oak Ridge NC','Valdese NC','Walkertown NC','Nashville NC','Midway NC','Mount Olive NC','Angier NC','Newport NC','Fargo ND','Bismarck ND','Grand Forks ND','Minot ND','West Fargo ND','Mandan ND','Dickinson ND','Jamestown ND','Williston ND','Wahpeton ND','Devils Lake ND','Valley City ND','Omaha NE','Lincoln NE','Bellevue NE','Grand Island NE','Kearney NE','Hastings NE','Fremont NE','North Platte NE','Papillion NE','Norfolk NE','Columbus NE','La Vista NE','Scottsbluff NE','Beatrice NE','South Sioux City NE','Lexington NE','Alliance NE','York NE','Blair NE','Gering NE','McCook NE','Nebraska City NE','Plattsmouth NE','Seward NE','Gretna NE','Sidney NE','Crete NE','Ralston NE','Chadron NE','Wayne NE','Holdrege NE','Schuyler NE','Ogallala NE','Manchester NH','Nashua NH','Concord NH','Rochester NH','Dover NH','Keene NH','Portsmouth NH','Laconia NH','Claremont NH','Lebanon NH','Somersworth NH','Berlin NH','Franklin NH','Newark NJ','Jersey City NJ','Paterson NJ','Elizabeth NJ','Trenton NJ','Camden NJ','Clifton NJ','Passaic NJ','East Orange NJ','Union City NJ','Vineland NJ','Bayonne NJ','New Brunswick NJ','Perth Amboy NJ','West New York NJ','Plainfield NJ','Hackensack NJ','Sayreville NJ','Hoboken NJ','Atlantic City NJ','Linden NJ','Kearny NJ','Fort Lee NJ','Long Branch NJ','Fair Lawn NJ','Westfield NJ','Englewood NJ','Garfield NJ','Millville NJ','Rahway NJ','Paramus NJ','Bergenfield NJ','Bridgeton NJ','Ridgewood NJ','Lodi NJ','Carteret NJ','Cliffside Park NJ','South Plainfield NJ','North Plainfield NJ','Roselle NJ','Summit NJ','Point Pleasant NJ','Glassboro NJ','Tinton Falls NJ','Palisades Park NJ','Morristown NJ','Pleasantville NJ','Elmwood Park NJ','Hawthorne NJ','Dover NJ','Lindenwold NJ','Rutherford NJ','Dumont NJ','Asbury Park NJ','Madison NJ','New Milford NJ','South River NJ','Hopatcong NJ','Secaucus NJ','Harrison NJ','Ocean City NJ','North Arlington NJ','Tenafly NJ','Ramsey NJ','Phillipsburg NJ','Highland Park NJ','Eatontown NJ','Collingswood NJ','Middlesex NJ','Fairview NJ','Hammonton NJ','Princeton NJ','Oakland NJ','Metuchen NJ','Roselle Park NJ','Ringwood NJ','Brigantine NJ','Somerville NJ','Florham Park NJ','Ridgefield Park NJ','Wanaque NJ','Ventnor City NJ','West Paterson NJ','New Providence NJ','Red Bank NJ','Franklin Lakes NJ','Gloucester City NJ','Haddonfield NJ','Freehold NJ','Hasbrouck Heights NJ','Somers Point NJ','Pine Hill NJ','Wallington NJ','Bellmawr NJ','Glen Rock NJ','Pompton Lakes NJ','Ridgefield NJ','Beachwood NJ','Manville NJ','Westwood NJ','River Edge NJ','Lincoln Park NJ','Totowa NJ','Keansburg NJ','Guttenberg NJ','Little Ferry NJ','Woodbury NJ','Bound Brook NJ','East Rutherford NJ','Hillsdale NJ','Edgewater NJ','Kinnelon NJ','Waldwick NJ','Hackettstown NJ','Burlington NJ','Pitman NJ','Maywood NJ','Park Ridge NJ','North Haledon NJ','Audubon NJ','Matawan NJ','Closter NJ','Cresskill NJ','Leonia NJ','Haledon NJ','Margate City NJ','Boonton NJ','Upper Saddle River NJ','Runnemede NJ','Absecon NJ','West Long Branch NJ','Chatham NJ','Spotswood NJ','Butler NJ','Newton NJ','Berlin NJ','Bogota NJ','Northfield NJ','Oradell NJ','South Amboy NJ','Bernardsville NJ','Kenilworth NJ','Haddon Heights NJ','Montvale NJ','Clayton NJ','Keyport NJ','Bloomingdale NJ','Wood-Ridge NJ','Emerson NJ','Palmyra NJ','Raritan NJ','Rumson NJ','Linwood NJ','Caldwell NJ','Fanwood NJ','North Caldwell NJ','Stratford NJ','Dunellen NJ','Milltown NJ','Barrington NJ','Midland Park NJ','Washington NJ','Glen Ridge NJ','Union Beach NJ','Allendale NJ','Mountainside NJ','Watchung NJ','Jamesburg NJ','Rockaway NJ','Manasquan NJ','Norwood NJ','Little Silver NJ','Wharton NJ','Paulsboro NJ','Old Tappan NJ','Carlstadt NJ','Morris Plains NJ','Woodcliff Lake NJ','Fair Haven NJ','Belmar NJ','Mount Arlington NJ','Englewood Cliffs NJ','Oceanport NJ','Salem NJ','Prospect Park NJ','Point Pleasant Beach NJ','Roseland NJ','Hightstown NJ','Highlands NJ','Wildwood NJ','Spring Lake Heights NJ','Demarest NJ','Neptune City NJ','South Bound Brook NJ','Somerdale NJ','Franklin NJ','Mendham NJ','Clementon NJ','Brielle NJ','Harrington Park NJ','Bradley Beach NJ','North Wildwood NJ','Northvale NJ','Penns Grove NJ','Atlantic Highlands NJ','Westville NJ','Garwood NJ','Mount Ephraim NJ','Egg Harbor City NJ','Magnolia NJ','Albuquerque NM','Las Cruces NM','Rio Rancho NM','Santa Fe NM','Roswell NM','Farmington NM','Alamogordo NM','Clovis NM','Hobbs NM','Carlsbad NM','Gallup NM','Deming NM','Sunland Park NM','Los Lunas NM','Las Vegas NM','Portales NM','Artesia NM','Silver City NM','Lovington NM','Espanola NM','Bernalillo NM','Ruidoso NM','Socorro NM','Grants NM','Corrales NM','Belen NM','Bloomfield NM','Aztec NM','Truth or Consequences NM','Raton NM','Los Ranchos de Albuquerque NM','Taos NM','Tucumcari NM','Las Vegas NV','Henderson NV','North Las Vegas NV','Reno NV','Sparks NV','Carson City NV','Elko NV','Mesquite NV','Boulder City NV','Fernley NV','Fallon NV','Winnemucca NV','West Wendover NV','New York NY','Buffalo NY','Rochester NY','Yonkers NY','Syracuse NY','Albany NY','New Rochelle NY','Mount Vernon NY','Schenectady NY','Utica NY','White Plains NY','Hempstead NY','Niagara Falls NY','Troy NY','Binghamton NY','Freeport NY','Valley Stream NY','Long Beach NY','Rome NY','North Tonawanda NY','Ithaca NY','Poughkeepsie NY','Jamestown NY','Elmira NY','Saratoga Springs NY','Lindenhurst NY','Port Chester NY','Newburgh NY','Watertown NY','Auburn NY','Glen Cove NY','Harrison NY','Spring Valley NY','Middletown NY','Peekskill NY','Rockville Centre NY','Ossining NY','Kingston NY','Garden City NY','Kiryas Joel NY','Lockport NY','Lynbrook NY','Plattsburgh NY','Mineola NY','Cortland NY','Mamaroneck NY','Scarsdale NY','Lackawanna NY','Amsterdam NY','Massapequa Park NY','Oswego NY','Floral Park NY','Depew NY','Batavia NY','Westbury NY','Rye NY','Cohoes NY','Kenmore NY','Gloversville NY','Tonawanda NY','Johnson City NY','Beacon NY','Olean NY','Glens Falls NY','Geneva NY','Oneonta NY','Babylon NY','Endicott NY','Patchogue NY','Dunkirk NY','Fulton NY','Canandaigua NY','Dobbs Ferry NY','Ogdensburg NY','Lancaster NY','Suffern NY','Fredonia NY','Tarrytown NY','Haverstraw NY','Lake Grove NY','Oneida NY','Massena NY','East Rockaway NY','Mount Kisco NY','Corning NY','West Haverstraw NY','Sleepy Hollow NY','Great Neck NY','Amityville NY','Potsdam NY','Watervliet NY','New Hyde Park NY','Rye Brook NY','Hamburg NY','Port Jervis NY','Newark NY','Woodbury NY','Malverne NY','Farmingdale NY','Colonie NY','Hornell NY','Johnstown NY','Brockport NY','Airmont NY','Monroe NY','Scotia NY','Ilion NY','Port Jefferson NY','Briarcliff Manor NY','Croton-on-Hudson NY','Hastings-on-Hudson NY','Rensselaer NY','Chestnut Ridge NY','Geneseo NY','Northport NY','Baldwinsville NY','Bayville NY','Williston Park NY','Pleasantville NY','Great Neck Plaza NY','Norwich NY','Walden NY','Herkimer NY','Hudson NY','Nyack NY','East Hills NY','Warwick NY','Irvington NY','Hudson Falls NY','Seneca Falls NY','Lawrence NY','North Syracuse NY','Larchmont NY','New Paltz NY','Bronxville NY','Monticello NY','Manorhaven NY','New Square NY','Pelham NY','Solvay NY','Hilton NY','East Rochester NY','Horseheads NY','Tuckahoe NY','East Aurora NY','Cedarhurst NY','Washingtonville NY','Canton NY','Medina NY','Malone NY','Wappingers Falls NY','Salamanca NY','Goshen NY','Albion NY','Fairport NY','Ballston Spa NY','Pelham Manor NY','Bath NY','Kings Point NY','Old Westbury NY','Webster NY','Penn Yan NY','Williamsville NY','Wesley Hills NY','Sea Cliff NY','Waterloo NY','Wellsville NY','Chittenango NY','Little Falls NY','Mechanicville NY','Alfred NY','Ardsley NY','New Hempstead NY','Saranac Lake NY','Island Park NY','Elmsford NY','Montgomery NY','Flower Hill NY','Cobleskill NY','North Hills NY','Manlius NY','Dansville NY','Southampton NY','Kaser NY','Canastota NY','Waverly NY','Oklahoma City OK','Tulsa OK','Norman OK','Broken Arrow OK','Lawton OK','Edmond OK','Midwest City OK','Moore OK','Stillwater OK','Enid OK','Muskogee OK','Bartlesville OK','Shawnee OK','Owasso OK','Ardmore OK','Ponca City OK','Yukon OK','Duncan OK','Del City OK','Sapulpa OK','Bixby OK','Bethany OK','Altus OK','Sand Springs OK','McAlester OK','Mustang OK','Claremore OK','Chickasha OK','Ada OK','Tahlequah OK','El Reno OK','Durant OK','Jenks OK','Miami OK','Okmulgee OK','Woodward OK','Choctaw OK','Elk City OK','Guthrie OK','Guymon OK','Weatherford OK','Glenpool OK','The Village OK','Warr Acres OK','Pryor Creek OK','Coweta OK','Clinton OK','Cushing OK','Sallisaw OK','Poteau OK','Wagoner OK','Newcastle OK','Blackwell OK','Idabel OK','Skiatook OK','Seminole OK','Tecumseh OK','Catoosa OK','Blanchard OK','Grove OK','Anadarko OK','Purcell OK','Pauls Valley OK','Vinita OK','Tuttle OK','Henryetta OK','Noble OK','Watonga OK','Piedmont OK','Holdenville OK','Hugo OK','Lone Grove OK','Harrah OK','Perry OK','Collinsville OK','Alva OK','Sulphur OK','Marlow OK','Pocola OK','Bristow OK','Fort Gibson OK','McLoud OK','Kingfisher OK','Sayre OK','Portland OR','Salem OR','Eugene OR','Gresham OR','Hillsboro OR','Beaverton OR','Bend OR','Medford OR','Springfield OR','Corvallis OR','Tigard OR','Albany OR','Lake Oswego OR','Keizer OR','Grants Pass OR','Oregon City OR','McMinnville OR','Tualatin OR','West Linn OR','Redmond OR','Newberg OR','Woodburn OR','Ashland OR','Forest Grove OR','Milwaukie OR','Roseburg OR','Klamath Falls OR','Wilsonville OR','Sherwood OR','Central Point OR','Pendleton OR','Dallas OR','Coos Bay OR','Canby OR','Troutdale OR','Lebanon OR','Hermiston OR','La Grande OR','Happy Valley OR','St. Helens OR','Gladstone OR','The Dalles OR','Cornelius OR','Ontario OR','Prineville OR','Newport OR','Astoria OR','Fairview OR','Silverton OR','North Bend OR','Monmouth OR','Baker City OR','Independence OR','Damascus OR','Cottage Grove OR','Sweet Home OR','Sandy OR','Florence OR','Eagle Point OR','Lincoln City OR','Stayton OR','Molalla OR','Sutherlin OR','Hood River OR','Milton-Freewater OR','Scappoose OR','Umatilla OR','Seaside OR','Talent OR','Brookings OR','Madras OR','Sheridan OR','Junction City OR','Winston OR','Creswell OR','Philomath OR','Warrenton OR','Tillamook OR','Phoenix OR','Philadelphia PA','Pittsburgh PA','Allentown PA','Erie PA','Reading PA','Bethlehem PA','Scranton PA','Lancaster PA','Harrisburg PA','Altoona PA','Wilkes-Barre PA','York PA','State College PA','Chester PA','Norristown PA','Bethel Park PA','Williamsport PA','Monroeville PA','Plum PA','Easton PA','New Castle PA','Lebanon PA','McKeesport PA','Hazleton PA','Johnstown PA','Pottstown PA','West Mifflin PA','Murrysville PA','Baldwin PA','Carlisle PA','West Chester PA','Chambersburg PA','Wilkinsburg PA','Phoenixville PA','Hermitage PA','Lansdale PA','Greensburg PA','Hanover PA','Sharon PA','Indiana PA','Washington PA','Pottsville PA','Dunmore PA','Butler PA','New Kensington PA','St. Marys PA','Whitehall PA','Meadville PA','Ephrata PA','Kingston PA','Bloomsburg PA','Franklin Park PA','Lower Burrell PA','Elizabethtown PA','Uniontown PA','Coatesville PA','Yeadon PA','Emmaus PA','Munhall PA','Lansdowne PA','Aliquippa PA','Oil City PA','Wyomissing PA','East Stroudsburg PA','Berwick PA','Nanticoke PA','Columbia PA','Waynesboro PA','Darby PA','Jeannette PA','Northampton PA','Sunbury PA','Jefferson Hills PA','Bristol PA','Morrisville PA','Brentwood PA','Warren PA','Carbondale PA','Economy PA','Beaver Falls PA','Lititz PA','Middletown PA','Swissvale PA','Mechanicsburg PA','Canonsburg PA','Quakertown PA','Perkasie PA','Lock Haven PA','Lewistown PA','Old Forge PA','Connellsville PA','Dormont PA','Conshohocken PA','Bradford PA','Collingdale PA','Latrobe PA','Doylestown PA','Gettysburg PA','Castle Shannon PA','Monessen PA','White Oak PA','Bellevue PA','Ellwood City PA','Downingtown PA','Carnegie PA','Brookhaven PA','Clairton PA','Pleasant Hills PA','Grove City PA','DuBois PA','Wilson PA','Pittston PA','Camp Hill PA','Shamokin PA','Millersville PA','Mount Joy PA','Glenolden PA','Hatboro PA','New Cumberland PA','Ambridge PA','Palmyra PA','Ridley Park PA','Folcroft PA','Huntingdon PA','Blakely PA','Duquesne PA','West View PA','Franklin PA','Edinboro PA','Tamaqua PA','Catasauqua PA','Souderton PA','Clifton Heights PA','Archbald PA','Oakmont PA','Prospect Park PA','Milton PA','Somerset PA','Corry PA','Stroudsburg PA','California PA','Forest Hills PA','Ambler PA','Clearfield PA','Bellefonte PA','Taylor PA','Crafton PA','Greenville PA','Swarthmore PA','New Brighton PA','Plymouth PA','Red Lion PA','Nazareth PA','McKees Rocks PA','South Williamsport PA','Punxsutawney PA','Exeter PA','Dickson City PA','Mount Carmel PA','North Braddock PA','Norwood PA','Titusville PA','Moosic PA','Farrell PA','Monaca PA','Hellertown PA','Coraopolis PA','Steelton PA','Shippensburg PA','Turtle Creek PA','Hollidaysburg PA','Lewisburg PA','Sayre PA','Lehighton PA','Media PA','Selinsgrove PA','Sharon Hill PA','Kennett Square PA','Donora PA','Clarion PA','Bangor PA','Arnold PA','Palmerton PA','Tyrone PA','Birdsboro PA','Schuylkill Haven PA','Shenandoah PA','New Holland PA','Fox Chapel PA','Kutztown PA','Collegeville PA','Westmont PA','Shillington PA','Vandergrift PA','Sugarcreek PA','Clarks Summit PA','Olyphant PA','West Pittston PA','Bridgeville PA','Jim Thorpe PA','Swoyersville PA','Avalon PA','Honesdale PA','Edwardsville PA','Oxford PA','Manheim PA','Telford PA','Fountain Hill PA','Montoursville PA','Jessup PA','Charleroi PA','Glassport PA','Tarentum PA','Sellersville PA','Danville PA','Larksville PA','Hummelstown PA','Monongahela PA','Scottdale PA','Slatington PA','Mount Pleasant PA','Mahanoy City PA','Beaver PA','Kittanning PA','Royersford PA','Bridgeport PA','East Petersburg PA','Duryea PA','Green Tree PA','Jersey Shore PA','Jenkintown PA','Providence RI','Warwick RI','Cranston RI','Pawtucket RI','East Providence RI','Woonsocket RI','Newport RI','Central Falls RI','Columbia SC','Charleston SC','North Charleston SC','Rock Hill SC','Mount Pleasant SC','Greenville SC','Summerville SC','Spartanburg SC','Sumter SC','Goose Creek SC','Hilton Head Island SC','Florence SC','Myrtle Beach SC','Aiken SC','Anderson SC','Greer SC','Greenwood SC','Mauldin SC','North Augusta SC','Easley SC','Simpsonville SC','Hanahan SC','Lexington SC','Conway SC','North Myrtle Beach SC','West Columbia SC','Orangeburg SC','Gaffney SC','Clemson SC','Cayce SC','Beaufort SC','Irmo SC','Port Royal SC','Newberry SC','Fort Mill SC','Lancaster SC','Forest Acres SC','Laurens SC','Bennettsville SC','Clinton SC','Georgetown SC','Union SC','Seneca SC','York SC','Fountain Inn SC','Hartsville SC','Moncks Corner SC','Camden SC','Marion SC','Darlington SC','Lake City SC','Dillon SC','Chester SC','Walterboro SC','Batesburg-Leesville SC','Abbeville SC','Cheraw SC','Tega Cay SC','Clover SC','Barnwell SC','Surfside Beach SC','Mullins SC','Isle of Palms SC','Belton SC','Travelers Rest SC','Edgefield SC','Hollywood SC','Bluffton SC','Sioux Falls SD','Rapid City SD','Aberdeen SD','Watertown SD','Brookings SD','Mitchell SD','Pierre SD','Yankton SD','Huron SD','Vermillion SD','Spearfish SD','Brandon SD','Madison SD','Sturgis SD','Belle Fourche SD','Salt Lake City UT','West Valley City UT','Provo UT','West Jordan UT','Sandy UT','Orem UT','Ogden UT','St. George UT','Layton UT','Taylorsville UT','South Jordan UT','Logan UT','Lehi UT','Murray UT','Bountiful UT','Draper UT','Riverton UT','Roy UT','Cottonwood Heights UT','Pleasant Grove UT','Spanish Fork UT','Tooele UT','Cedar City UT','Springville UT','Midvale UT','Clearfield UT','American Fork UT','Kaysville UT','Holladay UT','Eagle Mountain UT','Syracuse UT','South Salt Lake UT','Clinton UT','Brigham City UT','Washington UT','Herriman UT','North Ogden UT','Payson UT','Farmington UT','Highland UT','Saratoga Springs UT','South Ogden UT','Centerville UT','North Salt Lake UT','Hurricane UT','Lindon UT','Alpine UT','Heber UT','Cedar Hills UT','Smithfield UT','Grantsville UT','West Point UT','Woods Cross UT','Vernal UT','Washington Terrace UT','North Logan UT','Santaquin UT','West Haven UT','Riverdale UT','Price UT','Bluffdale UT','Park City UT','Mapleton UT','Ivins UT','Hyrum UT','Richfield UT','Pleasant View UT','Santa Clara UT','Tremonton UT','Providence UT','Salem UT','South Weber UT','Harrisville UT','Hooper UT','Nephi UT','West Bountiful UT','Farr West UT','Fruit Heights UT','Plain City UT','Ephraim UT','Moab UT','Enoch UT','Roosevelt UT','Sunset UT','La Verkin UT','Nibley UT','Virginia Beach VA','Norfolk VA','Chesapeake VA','Arlington VA','Richmond VA','Newport News VA','Hampton VA','Alexandria VA','Portsmouth VA','Roanoke VA','Suffolk VA','Lynchburg VA','Danville VA','Harrisonburg VA','Blacksburg VA','Charlottesville VA','Leesburg VA','Manassas VA','Petersburg VA','Winchester VA','Salem VA','Staunton VA','Fairfax VA','Hopewell VA','Fredericksburg VA','Herndon VA','Waynesboro VA','Christiansburg VA','Colonial Heights VA','Bristol VA','Radford VA','Vienna VA','Front Royal VA','Martinsville VA','Culpeper VA','Williamsburg VA','Poquoson VA','Manassas Park VA','Falls Church VA','Pulaski VA','Warrenton VA','Franklin VA','Wytheville VA','Abingdon VA','South Boston VA','Vinton VA','Farmville VA','Ashland VA','Smithfield VA','Lexington VA','Galax VA','Buena Vista VA','Bedford VA','Covington VA','Marion VA','Big Stone Gap VA','Emporia VA','Bridgewater VA','Bluefield VA','Purcellville VA','Luray VA','Dumfries VA','Orange VA','South Hill VA','Rocky Mount VA','Strasburg VA','Burlington VT','South Burlington VT','Rutland VT','Essex Junction VT','Barre VT','Montpelier VT','St. Albans VT','Winooski VT','Newport VT','Seattle WA','Spokane WA','Tacoma WA','Vancouver WA','Bellevue WA','Everett WA','Spokane Valley WA','Federal Way WA','Yakima WA','Kent WA','Bellingham WA','Kennewick WA','Renton WA','Lakewood WA','Auburn WA','Pasco WA','Shoreline WA','Redmond WA','Kirkland WA','Richland WA','Olympia WA','Lacey WA','Sammamish WA','Edmonds WA','Longview WA','Puyallup WA','Bremerton WA','Marysville WA','Lynnwood WA','Bothell WA','Mount Vernon WA','Burien WA','Walla Walla WA','University Place WA','Wenatchee WA','Des Moines WA','Pullman WA','SeaTac WA','Mercer Island WA','Issaquah WA','Oak Harbor WA','Bainbridge Island WA','Mukilteo WA','Kenmore WA','Maple Valley WA','Mountlake Terrace WA','Port Angeles WA','Moses Lake WA','Covington WA','Camas WA','Ellensburg WA','Tukwila WA','Monroe WA','Mill Creek WA','Battle Ground WA','Arlington WA','Bonney Lake WA','Anacortes WA','Aberdeen WA','Centralia WA','Sunnyside WA','Tumwater WA','Lake Stevens WA','Washougal WA','Lake Forest Park WA','East Wenatchee WA','Kelso WA','Lynden WA','Ferndale WA','Woodinville WA','Sedro-Woolley WA','West Richland WA','Enumclaw WA','Cheney WA','Newcastle WA','Edgewood WA','Sumner WA','Grandview WA','Shelton WA','Toppenish WA','Port Townsend WA','College Place WA','Hoquiam WA','Snohomish WA','Burlington WA','Snoqualmie WA','Poulsbo WA','Fife WA','Port Orchard WA','Chehalis WA','Ephrata WA','Clarkston WA','Selah WA','Liberty Lake WA','Gig Harbor WA','DuPont WA','Milton WA','Othello WA','Brier WA','Normandy Park WA','Fircrest WA','Orting WA','Stanwood WA','Steilacoom WA','Pacific WA','Duvall WA','Quincy WA','Sequim WA','Yelm WA','Union Gap WA','Airway Heights WA','Prosser WA','Ocean Shores WA','Blaine WA','Colville WA','Woodland WA','Medical Lake WA','Omak WA','North Bend WA','Wapato WA','Buckley WA','Ridgefield WA','Charleston WV','Huntington WV','Parkersburg WV','Morgantown WV','Wheeling WV','Fairmont WV','Weirton WV','Martinsburg WV','Beckley WV','Clarksburg WV','South Charleston WV','Bluefield WV','St. Albans WV','Vienna WV','Moundsville WV','Bridgeport WV','Dunbar WV','Oak Hill WV','Elkins WV','Nitro WV','Hurricane WV','Princeton WV','New Martinsville WV','Buckhannon WV','Grafton WV','Keyser WV','Charles Town WV','Ranson corporation WV','Point Pleasant WV','Cheyenne WY','Casper WY','Laramie WY','Gillette WY','Rock Springs WY','Sheridan WY','Green River WY','Evanston WY','Riverton WY','Jackson WY','Cody WY','Rawlins WY','Lander WY','Douglas WY','Powell WY','Torrington WY','Worland WY','Buffalo WY','Denver CO','Colorado Springs CO','Aurora CO','Lakewood CO','Fort Collins CO','Thornton CO','Arvada CO','Westminster CO','Pueblo CO','Centennial CO','Boulder CO','Greeley CO','Longmont CO','Loveland CO','Broomfield CO','Grand Junction CO','Castle Rock CO','Parker CO','Commerce City CO','Littleton CO','Northglenn CO','Englewood CO','Brighton CO','Wheat Ridge CO','Lafayette CO','Fountain CO','Louisville CO','Evans CO','Windsor CO','Montrose CO','Golden CO','Erie CO','Durango CO','Cañon City CO','Greenwood Village CO','Sterling CO','Federal Heights CO','Superior CO','Fort Morgan CO','Steamboat Springs CO','Lone Tree CO','Johnstown CO','Craig CO','Rifle CO','Trinidad CO','Glenwood Springs CO','Delta CO','Alamosa CO','Cortez CO','Frederick CO','Firestone CO','Lamar CO','Fort Lupton CO','Fruita CO','La Junta CO','Avon CO','Woodland Park CO','Estes Park CO','Cherry Hills Village CO','Carbondale CO','Milliken CO','Gypsum CO','Aspen CO','Eagle CO','Gunnison CO','Berthoud CO','Sheridan CO','Salida CO','Brush CO','Manitou Springs CO','Edgewater CO','Wellington CO','Lochbuie CO','Glendale CO','Vail CO','Chicago IL','Aurora IL','Rockford IL','Joliet IL','Naperville IL','Springfield IL','Peoria IL','Elgin IL','Waukegan IL','Cicero IL','Champaign IL','Evanston IL','Decatur IL','Arlington Heights IL','Bloomington IL','Schaumburg IL','Bolingbrook IL','Palatine IL','Skokie IL','Tinley Park IL','Des Plaines IL','Orland Park IL','Wheaton IL','Hoffman Estates IL','Mount Prospect IL','Oak Lawn IL','Normal IL','Berwyn IL','Oak Park IL','Downers Grove IL','Glenview IL','Elmhurst IL','DeKalb IL','Moline IL','Buffalo Grove IL','Lombard IL','Bartlett IL','Crystal Lake IL','Belleville IL','Carol Stream IL','Quincy IL','Urbana IL','Rock Island IL','Romeoville IL','Carpentersville IL','Streamwood IL','Park Ridge IL','Addison IL','Calumet City IL','Hanover Park IL','Plainfield IL','Wheeling IL','Woodridge IL','Northbrook IL','Mundelein IL','Pekin IL','Elk Grove Village IL','St. Charles IL','North Chicago IL','Danville IL','Glendale Heights IL','Oswego IL','Highland Park IL','Galesburg IL','Granite City IL','Gurnee IL','Chicago Heights IL','Algonquin IL','Lake in the Hills IL','Alton IL','East St. Louis IL','Niles IL','Harvey IL','Round Lake Beach IL','Oak Forest IL','Burbank IL','O Fallon IL','Batavia IL','Glen Ellyn IL','McHenry IL','Kankakee IL','Lansing IL','Belvidere IL','West Chicago IL','Wilmette IL','Carbondale IL','Homer Glen IL','Collinsville IL','Zion IL','Maywood IL','Westmont IL','Lockport IL','Freeport IL','Edwardsville IL','Vernon Hills IL','Loves Park IL','Geneva IL','New Lenox IL','Elmwood Park IL','Woodstock IL','Dolton IL','Rolling Meadows IL','Roselle IL','Lisle IL','Huntley IL','Machesney Park IL','East Peoria IL','Park Forest IL','Morton Grove IL','Darien IL','Blue Island IL','Villa Park IL','Melrose Park IL','Bloomingdale IL','Libertyville IL','Grayslake IL','Charleston IL','South Elgin IL','South Holland IL','Lake Forest IL','East Moline IL','Lake Zurich IL','Crest Hill IL','Bensenville IL','Macomb IL','Deerfield IL','Cary IL','Ottawa IL','Jacksonville IL','Evergreen Park IL','Mokena IL','Bourbonnais IL','Bellwood IL','Alsip IL','Homewood IL','Hinsdale IL','Brookfield IL','Frankfort IL','Franklin Park IL','Sycamore IL','Godfrey IL','Matteson IL','Marion IL','Mattoon IL','Palos Hills IL','Round Lake IL','Country Club Hills IL','Fairview Heights IL','Yorkville IL','Mount Vernon IL','Lemont IL','Prospect Heights IL','Morton IL','North Aurora IL','Westchester IL','Shorewood IL','La Grange IL','Montgomery IL','Forest Park IL','Sterling IL','Cahokia IL','Dixon IL','Bridgeview IL','Bradley IL','Lindenhurst IL','Canton IL','Lincoln IL','Riverdale IL','Hazel Crest IL','Channahon IL','Norridge IL','Washington IL','Antioch IL','Wood Dale IL','Morris IL','Streator IL','Midlothian IL','Centralia IL','Chicago Ridge IL','Hickory Hills IL','Beach Park IL','Warrenville IL','Swansea IL','Richton Park IL','Western Springs IL','Glen Carbon IL','Effingham IL','Palos Heights IL','Justice IL','La Grange Park IL','Winnetka IL','Herrin IL','Kewanee IL','Markham IL','Taylorville IL','Wauconda IL','Rantoul IL','Plano IL','Lincolnwood IL','Schiller Park IL','Northlake IL','Burr Ridge IL','Pontiac IL','River Forest IL','Shiloh IL','Fox Lake IL','Crestwood IL','Campton Hills IL','Wood River IL','Chatham IL','Minooka IL','Worth IL','Steger IL','Barrington IL','Sauk Village IL','Lyons IL','Summit IL','River Grove IL','Winfield IL','Bethalto IL','Harvard IL','Rochelle IL','Troy IL','Waterloo IL','Peru IL','Highland IL','Sugar Grove IL','Harrisburg IL','LaSalle IL','Columbia IL','Monmouth IL','Flossmoor IL','Rock Falls IL','Crete IL','Glencoe IL','Roscoe IL','Oak Brook IL','Willowbrook IL','Lake Villa IL','Paris IL','Itasca IL','Island Lake IL','Clarendon Hills IL','Manteno IL','Lynwood IL','Glenwood IL','Olney IL','Jerseyville IL','Hillside IL','Riverside IL','West Frankfort IL','Murphysboro IL','University Park IL','Long Grove IL','Hawthorn Woods IL','Harwood Heights IL','Calumet Park IL','West Dundee IL','Lincolnshire IL','Chester IL','Silvis IL','Inverness IL','Broadview IL','Marengo IL','Princeton IL','Salem IL','Mount Carmel IL','Maryville IL','Greenville IL','Sandwich IL','Winthrop Harbor IL','Orland Hills IL','Manhattan IL','Northville MI','Huntington Woods MI','St. Clair MI','Dowagiac MI','Belding MI','Milan MI','Richmond MI','Zeeland MI','Rockford MI','Ironwood MI','Kingsford MI','Eaton Rapids MI','Swartz Creek MI','South Haven MI','Davison MI','New Haven MI','Gladstone MI','Springfield MI','Chelsea MI','Grosse Pointe MI','Cheboygan MI','Utica MI','Gibraltar MI','Allegan MI','Frankenmuth MI','Algonac MI','Negaunee MI','DeWitt MI','Marine City MI','Buchanan MI','Wolverine Lake MI','Jackson MS','Gulfport MS','Hattiesburg MS','Biloxi MS','Southaven MS','Meridian MS','Tupelo MS','Greenville MS','Olive Branch MS','Clinton MS','Vicksburg MS','Horn Lake MS','Pearl MS','Starkville MS','Columbus MS','Pascagoula MS','Brandon MS','Ridgeland MS','Laurel MS','Clarksdale MS','Madison MS','Oxford MS','Ocean Springs MS','Natchez MS','Gautier MS','Greenwood MS','Grenada MS','Corinth MS','Moss Point MS','McComb MS','Brookhaven MS','Canton MS','Hernando MS','Long Beach MS','Cleveland MS','Picayune MS','Yazoo City MS','West Point MS','Indianola MS','Petal MS','Booneville MS','New Albany MS','Bay St. Louis MS','Holly Springs MS','Philadelphia MS','D Iberville MS','Batesville MS','Senatobia MS','Kosciusko MS','Amory MS','Richland MS','Flowood MS','Louisville MS','Columbia MS','Aberdeen MS','Forest MS','Crystal Springs MS','Pontotoc MS','Waynesboro MS','Ripley MS','Waveland MS','Wiggins MS','Carthage MS','Leland MS','Winona MS','Ellisville MS','Hazlehurst MS','Magee MS','Columbus OH','Cleveland OH','Cincinnati OH','Toledo OH','Akron OH','Dayton OH','Canton OH','Parma OH','Youngstown OH','Lorain OH','Hamilton OH','Springfield OH','Elyria OH','Kettering OH','Mentor OH','Middletown OH','Cuyahoga Falls OH','Lakewood OH','Mansfield OH','Euclid OH','Newark OH','Cleveland Heights OH','Warren OH','Strongsville OH','Fairfield OH','Beavercreek OH','Dublin OH','Lima OH','Huber Heights OH','Findlay OH','Lancaster OH','Westerville OH','Marion OH','Brunswick OH','Stow OH','Gahanna OH','Grove City OH','Delaware OH','Reynoldsburg OH','Massillon OH','Fairborn OH','Upper Arlington OH','North Olmsted OH','Westlake OH','Mason OH','Bowling Green OH','North Royalton OH','North Ridgeville OH','Kent OH','Hilliard OH','Garfield Heights OH','Xenia OH','Barberton OH','Shaker Heights OH','Wooster OH','Trotwood OH','Medina OH','Sandusky OH','Riverside OH','Zanesville OH','East Cleveland OH','Avon Lake OH','Maple Heights OH','Green OH','Hudson OH','Centerville OH','Oxford OH','Willoughby OH','Alliance OH','Chillicothe OH','Athens OH','Troy OH','Solon OH','Ashland OH','South Euclid OH','Wadsworth OH','Piqua OH','Lebanon OH','Norwood OH','Portsmouth OH','Sidney OH','Miamisburg OH','Parma Heights OH','Ashtabula OH','Eastlake OH','Niles OH','Brook Park OH','Sylvania OH','Oregon OH','Rocky River OH','Steubenville OH','Forest Park OH','Painesville OH','Marysville OH','Whitehall OH','Berea OH','Mayfield Heights OH','Springboro OH','Pickerington OH','Twinsburg OH','Tiffin OH','New Philadelphia OH','Tallmadge OH','Broadview Heights OH','Avon OH','Perrysburg OH','North Canton OH','Fremont OH','Norwalk OH','Defiance OH','Mount Vernon OH','Fairview Park OH','New Franklin OH','Middleburg Heights OH','Bay Village OH','Aurora OH','Streetsboro OH','Marietta OH','Vandalia OH','Maumee OH','Lyndhurst OH','Willowick OH','Circleville OH','Washington Court House OH','Warrensville Heights OH','Sharonville OH','Worthington OH','Fostoria OH','Greenville OH','Wickliffe OH','Bedford OH','Franklin OH','Clayton OH','Brecksville OH','Powell OH','Blue Ash OH','West Carrollton City OH','Englewood OH','Pataskala OH','Bellefontaine OH','Wilmington OH','University Heights OH','Bexley OH','Dover OH','Conneaut OH','Bucyrus OH','Monroe OH','East Liverpool OH','Salem OH','Loveland OH','Amherst OH','Seven Hills OH','Norton OH','Urbana OH','Ravenna OH','Coshocton OH','Ironton OH','Cambridge OH','Beachwood OH','Trenton OH','Vermilion OH','Galion OH','Struthers OH','Reading OH','Bedford Heights OH','Montgomery OH','Macedonia OH','Brooklyn OH','Springdale OH','Celina OH','Van Wert OH','Richmond Heights OH','Girard OH','London OH','North College Hill OH','Louisville OH','Wapakoneta OH','Harrison OH','Shelby OH','Tipp City OH','Sheffield Lake OH','Heath OH','Napoleon OH','Madeira OH','Willoughby Hills OH','Highland Heights OH','Oakwood OH','Campbell OH','Orrville OH','Cheviot OH','Oberlin OH','Wyoming OH','Bryan OH','Mentor-on-the-Lake OH','Olmsted Falls OH','St. Marys OH','Kenton OH','Eaton OH','Bellevue OH','Hubbard OH','Logan OH','Kirtland OH','Huron OH','Wauseon OH','New Albany OH','Fairlawn OH','Bellbrook OH','Canfield OH','Independence OH','Delphos OH','Grafton OH','Willard OH','Hillsboro OH','Martins Ferry OH','Belpre OH','Moraine OH','Rossford OH','Cortland OH','Upper Sandusky OH','Milford OH','Grandview Heights OH','Union OH','Geneva OH','Rittman OH','Canal Winchester OH','Jackson OH','Port Clinton OH','Clyde OH','Mount Healthy OH','Ada OH','Carlisle OH','The Village of Indian Hill OH','Columbiana OH','Wellston OH','Deer Park OH','Pepper Pike OH','New Carlisle OH','Northwood OH','Uhrichsville OH','Brookville OH','Granville OH','Nelsonville OH','Groveport OH','Waterville OH','Toronto OH','Chardon OH','Ontario OH','Munroe Falls OH','Silverton OH','Greenfield OH','St. Clairsville OH','Canal Fulton OH','Germantown OH','Crestline OH','Wellington OH','East Palestine OH','Newton Falls OH','St. Bernard OH','West Milton OH','Ottawa Hills OH','New Lexington OH','Bellaire OH','Sebring OH','Archbold OH','Waverly City OH','Ottawa OH','Coldwater OH','Blanchester OH','Memphis TN','Nashville TN','Knoxville TN','Chattanooga TN','Clarksville TN','Murfreesboro TN','Jackson TN','Johnson City TN','Franklin TN','Hendersonville TN','Bartlett TN','Kingsport TN','Cleveland TN','Collierville TN','Smyrna TN','Germantown TN','Brentwood TN','Columbia TN','La Vergne TN','Gallatin TN','Cookeville TN','Oak Ridge TN','Morristown TN','Maryville TN','Spring Hill TN','Bristol TN','Lebanon TN','Mount Juliet TN','Farragut TN','Shelbyville TN','East Ridge TN','Tullahoma TN','Springfield TN','Dyersburg TN','Goodlettsville TN','Sevierville TN','Greeneville TN','Athens TN','Dickson TN','Elizabethton TN','McMinnville TN','Soddy-Daisy TN','Crossville TN','Red Bank TN','Portland TN','Lewisburg TN','Lawrenceburg TN','Union City TN','Brownsville TN','Martin TN','Millington TN','White House TN','Manchester TN','Paris TN','Clinton TN','Covington TN','Humboldt TN','Alcoa TN','La Follette TN','Jefferson City TN','Lakeland TN','Lenoir City TN','Collegedale TN','Milan TN','Fairview TN','Winchester TN','Lexington TN','Pulaski TN','Hartsville TN','Ripley TN','Newport TN','Atoka TN','Savannah TN','Fayetteville TN','Signal Mountain TN','Dayton TN','Church Hill TN','Harriman TN','Sweetwater TN','Munford TN','Greenbrier TN','Henderson TN','Millersville TN','Pigeon Forge TN','Lynchburg TN','Forest Hills TN','Erwin TN','Bolivar TN','Kingston TN','Gatlinburg TN','Rockwood TN','Mount Carmel TN','Dunlap TN','Oak Hill TN','McKenzie TN','Jonesborough TN','Oakland TN','Sparta TN','Loudon TN','Madisonville TN','Selmer TN','Ashland City TN','Trenton TN','Whiteville TN','Mount Pleasant TN','Lafayette TN','Smithville TN','Rogersville TN','Houston TX','San Antonio TX','Dallas TX','Austin TX','Fort Worth TX','El Paso TX','Arlington TX','Corpus Christi TX','Plano TX','Laredo TX','Lubbock TX','Garland TX','Irving TX','Amarillo TX','Brownsville TX','Grand Prairie TX','Pasadena TX','Mesquite TX','McAllen TX','Carrollton TX','Waco TX','McKinney TX','Denton TX','Killeen TX','Abilene TX','Beaumont TX','Midland TX','Round Rock TX','Lewisville TX','Richardson TX','Wichita Falls TX','Odessa TX','Tyler TX','Frisco TX','San Angelo TX','College Station TX','Pearland TX','Allen TX','Sugar Land TX','Longview TX','Missouri City TX','Bryan TX','Edinburg TX','League City TX','Baytown TX','Flower Mound TX','Mission TX','Pharr TX','North Richland Hills TX','Harlingen TX','Victoria TX','Cedar Park TX','Temple TX','Galveston TX','Port Arthur TX','Rowlett TX','Conroe TX','New Braunfels TX','San Marcos TX','Euless TX','Grapevine TX','Georgetown TX','Bedford TX','DeSoto TX','Mansfield TX','Cedar Hill TX','Texas City TX','The Colony TX','Haltom City TX','Pflugerville TX','Coppell TX','Keller TX','Hurst TX','Huntsville TX','Sherman TX','Wylie TX','Del Rio TX','Texarkana TX','Duncanville TX','Lancaster TX','Rockwall TX','Burleson TX','Lufkin TX','La Porte TX','Friendswood TX','San Juan TX','Rosenberg TX','Weslaco TX','Nacogdoches TX','Socorro TX','Deer Park TX','Copperas Cove TX','Schertz TX','Cleburne TX','Waxahachie TX','Lake Jackson TX','Weatherford TX','Eagle Pass TX','Southlake TX','Corsicana TX','Farmers Branch TX','Seguin TX','Kyle TX','Paris TX','Greenville TX','Leander TX','Harker Heights TX','San Benito TX','Little Elm TX','University Park TX','Kingsville TX','Colleyville TX','Big Spring TX','Watauga TX','Denison TX','Marshall TX','Benbrook TX','Alvin TX','Kerrville TX','Plainview TX','Corinth TX','Saginaw TX','Balch Springs TX','Alice TX','Stafford TX','Terrell TX','Ennis TX','Orange TX','Brownwood TX','Sachse TX','Angleton TX','Palestine TX','Universal City TX','Bellaire TX','Bay City TX','Dickinson TX','Belton TX','Converse TX','Pampa TX','Donna TX','Stephenville TX','Mineral Wells TX','Highland Village TX','Alamo TX','Portland TX','Midlothian TX','Gainesville TX','South Houston TX','White Settlement TX','Uvalde TX','Nederland TX','Taylor TX','West University Place TX','Sulphur Springs TX','Brenham TX','Gatesville TX','Forney TX','Mercedes TX','Mount Pleasant TX','Addison TX','Humble TX','Murphy TX','Canyon TX','Cibolo TX','Hereford TX','Groves TX','Jacksonville TX','La Marque TX','Rio Grande City TX','Dumas TX','Katy TX','Forest Hill TX','Lockhart TX','Hutto TX','Hewitt TX','Richmond TX','Live Oak TX','Horizon City TX','Beeville TX','Borger TX','Port Neches TX','Freeport TX','Levelland TX','Crowley TX','Athens TX','Robstown TX','Kilgore TX','Seagoville TX','Hidalgo TX','Henderson TX','Seabrook TX','Alton TX','Port Lavaca TX','Azle TX','Roma TX','Lakeway TX','Fredericksburg TX','Glenn Heights TX','Vidor TX','Vernon TX','El Campo TX','Clute TX','Webster TX','Bonham TX','Sweetwater TX','Santa Fe TX','Burkburnett TX','Snyder TX','Lumberton TX','Robinson TX','Boerne TX','Leon Valley TX','Tomball TX','Galena Park TX','Andrews TX','Jacinto City TX','Elgin TX','Rockport TX','Pleasanton TX','Bellmead TX','Raymondville TX','Red Oak TX','Commerce TX','Highland Park TX','Wharton TX','Royse City TX','Ingleside TX','Hondo TX','Brownfield TX','Hillsboro TX','Lamesa TX','Woodway TX','Aransas Pass TX','Kaufman TX','Granbury TX','Kirby TX','Bridge City TX','Graham TX','Bastrop TX','Liberty TX','Perryton TX','Richland Hills TX','Fairview TX','Trophy Club TX','Lampasas TX','Cleveland TX','Helotes TX','Lake Dallas TX','Pecos TX','Heath TX','Sanger TX','Whitehouse TX','Pearsall TX','Floresville TX','Navasota TX','Fort Stockton TX','Marble Falls TX','Hempstead TX','Dayton TX','Alamo Heights TX','Jasper TX','Gonzales TX','Jersey Village TX','Hitchcock TX','Crystal City TX','Kennedale TX','Prosper TX','Dalhart TX','La Feria TX','River Oaks TX','Silsbee TX','Crockett TX','Buda TX','Carthage TX','Elsa TX','Mexia TX','Monahans TX','Childress TX','Decatur TX','Meadows Place TX','Cuero TX','Fair Oaks Ranch TX','Keene TX','White Oak TX','Lago Vista TX','Alpine TX','Iowa Park TX','Gladewater TX','Sealy TX','Livingston TX','Seminole TX','Princeton TX','Bridgeport TX','Manvel TX','Gun Barrel City TX','Burnet TX','Rockdale TX','Littlefield TX','Lacy-Lakeview TX','Marlin TX','Joshua TX','Edna TX','Slaton TX','Everman TX','Center TX','Cameron TX','Fate TX','Breckenridge TX','Wake Village TX','Rio Bravo TX','Bowie TX','Celina TX','Los Fresnos TX','Diboll TX','Progreso TX','Palmview TX','Atlanta TX','Yoakum TX','Luling TX','Giddings TX','Windcrest TX','Sinton TX','Carrizo Springs TX','Brady TX','Rusk TX','Mathis TX','Port Isabel TX','Gilmer TX','Terrell Hills TX','Kermit TX','Mineola TX','Palacios TX','Palmhurst TX','Falfurrias TX','Lucas TX','McGregor TX','Lake Worth TX','La Joya TX','Teague TX','La Grange TX','Presidio TX','Coleman TX','Lindale TX','Pittsburg TX','Bulverde TX','New Boston TX','Selma TX','Edcouch TX','Tulia TX','Hearne TX','Hunters Creek Village TX','Devine TX','Willow Park TX','Sunnyvale TX','Jacksboro TX','Prairie View TX','Smithville TX','Sullivan City TX','San Diego TX','Bellville TX','Morgan s Point Resort TX','Pilot Point TX','Madisonville TX','Anthony TX','Jourdanton TX','Hudson TX','Krum TX','Milwaukee WI','Madison WI','Green Bay WI','Kenosha WI','Racine WI','Appleton WI','Waukesha WI','Eau Claire WI','Oshkosh WI','Janesville WI','West Allis WI','La Crosse WI','Sheboygan WI','Wauwatosa WI','Fond du Lac WI','Brookfield WI','New Berlin WI','Wausau WI','Beloit WI','Greenfield WI','Franklin WI','Menomonee Falls WI','Oak Creek WI','Manitowoc WI','West Bend WI','Sun Prairie WI','Mount Pleasant WI','Superior WI','Stevens Point WI','Neenah WI','De Pere WI','Caledonia WI','Mequon WI','Fitchburg WI','Muskego WI','Watertown WI','South Milwaukee WI','Pleasant Prairie WI','Germantown WI','Cudahy WI','Marshfield WI','Ashwaubenon WI','Wisconsin Rapids WI','Onalaska WI','Howard WI','Menasha WI','Middleton WI','Menomonie WI','Kaukauna WI','Beaver Dam WI','Bellevue WI','Allouez WI','River Falls WI','Whitewater WI','Oconomowoc WI','Greendale WI','Hartford WI','Whitefish Bay WI','Weston WI','Shorewood WI','Glendale WI','Stoughton WI','Chippewa Falls WI','Pewaukee WI','Hudson WI','Fort Atkinson WI','Two Rivers WI','Plover WI','Brown Deer WI','Grafton WI','Verona WI','Waunakee WI','Baraboo WI','Port Washington WI','Little Chute WI','Cedarburg WI','Burlington WI','Suamico WI','Marinette WI','Monroe WI','Waupun WI','Platteville WI','Sussex WI','Portage WI','St. Francis WI','Merrill WI','Oregon WI','Elkhorn WI','DeForest WI','Sparta WI','Pewaukee WI','Sturgeon Bay WI','Hartland WI','Reedsburg WI','Shawano WI','Tomah WI','Delavan WI','Holmen WI','Lake Geneva WI','New Richmond WI','Rice Lake WI','Plymouth WI','Ashland WI','Antigo WI','Sheboygan Falls WI','Monona WI','Jefferson WI','McFarland WI','Rhinelander WI','Hales Corners WI','Ripon WI','Mukwonago WI','Kronenwetter WI','Sturtevant WI','Fox Point WI','Delafield WI','Jackson WI','Altoona WI','New London WI','Mount Horeb WI','Kimberly WI','Cottage Grove WI','Elm Grove WI','Hobart WI','Prairie du Chien WI','Waupaca WI','Twin Lakes WI','Milton WI','Lake Mills WI','Edgerton WI','North Fond du Lac WI','Columbus WI','Mayville WI','Richland Center WI','Rothschild WI','Berlin WI','Dodgeville WI','Waterford WI','Evansville WI','West Salem WI','Union Grove WI','Slinger WI','East Troy WI','Lake Hallie WI','Viroqua WI','Mauston WI','Oconto WI']</td>
	<td>my_states</td>
</tr>
<tr>
	<td>store</td>
	<td>0</td>
	<td>state_index</td>
</tr>
<tr>
	<td>store</td>
	<td>5000</td>
	<td>number_of_states</td>
</tr>
<tr>
	<td>storeEval</td>
	<td>storedVars['state_array'] =&nbsp;&nbsp;${my_states}</td>
	<td></td>
</tr>
<!--Select State-->
<tr>
	<td>while</td>
	<td>${state_index} &lt; ${number_of_states}</td>
	<td></td>
</tr>
<tr>
	<td>storeEval</td>
	<td>storedVars['label_state']=storedVars.state_array[storedVars.state_index]</td>
	<td>my_current_state</td>
</tr>
<tr>
	<td>echo</td>
	<td>${my_current_state}</td>
	<td></td>
</tr>
<tr>
	<td>type</td>
	<td>id=zip-input-secondary</td>
	<td>${my_current_state}</td>
</tr>
<tr>
	<td>pause</td>
	<td>700</td>
	<td></td>
</tr>
<tr>
	<td>click</td>
	<td>id=use-zip-secondary</td>
	<td></td>
</tr>
<tr>
	<td>pause</td>
	<td>3000</td>
	<td></td>
</tr>
<tr>
	<td>storeElementPresent</td>
	<td>//*[@id=&quot;location-cta&quot;]/div[2]/div[2]/div[3]/a[1]</td>
	<td>screenShot</td>
</tr>
<tr>
	<td>gotoIf</td>
	<td>!${screenShot}</td>
	<td>cont</td>
</tr>
<tr>
	<td>captureEntirePageScreenshot</td>
	<td>${screenshots_folder}/${my_current_state}.png</td>
	<td></td>
</tr>
<tr>
	<td>label</td>
	<td>cont</td>
	<td></td>
</tr>
<tr>
	<td>storeEval</td>
	<td>storedVars.state_index++</td>
	<td></td>
</tr>
<tr>
	<td>endWhile</td>
	<td></td>
	<td></td>
</tr>
</tbody></table>
</body>
</html>
